{
  "get fish category" : {
    "transaction" : "get fish category",
    "sampleCount" : 155,
    "errorCount" : 0,
    "errorPct" : 0.0,
    "meanResTime" : 319.6193548387097,
    "medianResTime" : 293.0,
    "minResTime" : 275.0,
    "maxResTime" : 1084.0,
    "pct1ResTime" : 314.8,
    "pct2ResTime" : 556.7999999999998,
    "pct3ResTime" : 894.7199999999992,
    "throughput" : 2.696074168130664,
    "receivedKBytesPerSec" : 59.82006286853594,
    "sentKBytesPerSec" : 1.506519770485815
  },
  "signon-0" : {
    "transaction" : "signon-0",
    "sampleCount" : 158,
    "errorCount" : 0,
    "errorPct" : 0.0,
    "meanResTime" : 289.5506329113924,
    "medianResTime" : 285.0,
    "minResTime" : 270.0,
    "maxResTime" : 751.0,
    "pct1ResTime" : 305.0,
    "pct2ResTime" : 308.0,
    "pct3ResTime" : 493.1699999999985,
    "throughput" : 2.6971662683509727,
    "receivedKBytesPerSec" : 1.4739125448105155,
    "sentKBytesPerSec" : 1.962827276800956
  },
  "get fish product" : {
    "transaction" : "get fish product",
    "sampleCount" : 155,
    "errorCount" : 0,
    "errorPct" : 0.0,
    "meanResTime" : 319.81290322580645,
    "medianResTime" : 302.0,
    "minResTime" : 276.0,
    "maxResTime" : 803.0,
    "pct1ResTime" : 327.0,
    "pct2ResTime" : 544.9999999999998,
    "pct3ResTime" : 783.3999999999999,
    "throughput" : 2.695605293820977,
    "receivedKBytesPerSec" : 60.74349182514217,
    "sentKBytesPerSec" : 1.3983282627693432
  },
  "view order with id" : {
    "transaction" : "view order with id",
    "sampleCount" : 149,
    "errorCount" : 0,
    "errorPct" : 0.0,
    "meanResTime" : 316.7852348993288,
    "medianResTime" : 316.0,
    "minResTime" : 278.0,
    "maxResTime" : 564.0,
    "pct1ResTime" : 349.0,
    "pct2ResTime" : 358.5,
    "pct3ResTime" : 485.0,
    "throughput" : 2.6861850763489517,
    "receivedKBytesPerSec" : 71.45716033392526,
    "sentKBytesPerSec" : 1.6137955434567055
  },
  "get signon page" : {
    "transaction" : "get signon page",
    "sampleCount" : 159,
    "errorCount" : 0,
    "errorPct" : 0.0,
    "meanResTime" : 340.33333333333326,
    "medianResTime" : 291.0,
    "minResTime" : 275.0,
    "maxResTime" : 1411.0,
    "pct1ResTime" : 318.0,
    "pct2ResTime" : 827.0,
    "pct3ResTime" : 1261.6000000000015,
    "throughput" : 2.6492493793425194,
    "receivedKBytesPerSec" : 59.656957872352834,
    "sentKBytesPerSec" : 1.479138202509289
  },
  "signon" : {
    "transaction" : "signon",
    "sampleCount" : 158,
    "errorCount" : 0,
    "errorPct" : 0.0,
    "meanResTime" : 597.0949367088608,
    "medianResTime" : 578.0,
    "minResTime" : 548.0,
    "maxResTime" : 1330.0,
    "pct1ResTime" : 617.3,
    "pct2ResTime" : 628.2499999999999,
    "pct3ResTime" : 1187.8099999999993,
    "throughput" : 2.6840165117977812,
    "receivedKBytesPerSec" : 63.854549768970735,
    "sentKBytesPerSec" : 3.6968266388638797
  },
  "submit new order-1" : {
    "transaction" : "submit new order-1",
    "sampleCount" : 144,
    "errorCount" : 0,
    "errorPct" : 0.0,
    "meanResTime" : 331.59722222222206,
    "medianResTime" : 328.0,
    "minResTime" : 303.0,
    "maxResTime" : 593.0,
    "pct1ResTime" : 346.0,
    "pct2ResTime" : 354.0,
    "pct3ResTime" : 585.8000000000002,
    "throughput" : 2.5571814178150305,
    "receivedKBytesPerSec" : 68.02616588160606,
    "sentKBytesPerSec" : 1.673693412372141
  },
  "submit new order-0" : {
    "transaction" : "submit new order-0",
    "sampleCount" : 144,
    "errorCount" : 0,
    "errorPct" : 0.0,
    "meanResTime" : 312.09027777777777,
    "medianResTime" : 308.5,
    "minResTime" : 291.0,
    "maxResTime" : 587.0,
    "pct1ResTime" : 327.5,
    "pct2ResTime" : 332.0,
    "pct3ResTime" : 484.4000000000026,
    "throughput" : 2.557590181695469,
    "receivedKBytesPerSec" : 1.507156312718683,
    "sentKBytesPerSec" : 1.7963456376658438
  },
  "create order" : {
    "transaction" : "create order",
    "sampleCount" : 159,
    "errorCount" : 7,
    "errorPct" : 4.402516,
    "meanResTime" : 3626.679245283019,
    "medianResTime" : 3601.0,
    "minResTime" : 287.0,
    "maxResTime" : 4915.0,
    "pct1ResTime" : 4249.0,
    "pct2ResTime" : 4436.0,
    "pct3ResTime" : 4879.0,
    "throughput" : 2.6324939154621765,
    "receivedKBytesPerSec" : 556.6606901345634,
    "sentKBytesPerSec" : 19.420253103321247
  },
  "add item to cart-0" : {
    "transaction" : "add item to cart-0",
    "sampleCount" : 155,
    "errorCount" : 0,
    "errorPct" : 0.0,
    "meanResTime" : 302.090322580645,
    "medianResTime" : 288.0,
    "minResTime" : 268.0,
    "maxResTime" : 809.0,
    "pct1ResTime" : 311.8,
    "pct2ResTime" : 317.2,
    "pct3ResTime" : 775.3999999999999,
    "throughput" : 2.6955584153594656,
    "receivedKBytesPerSec" : 1.6188805117648082,
    "sentKBytesPerSec" : 1.5931001584727487
  },
  "create new order" : {
    "transaction" : "create new order",
    "sampleCount" : 152,
    "errorCount" : 0,
    "errorPct" : 0.0,
    "meanResTime" : 303.49342105263145,
    "medianResTime" : 294.0,
    "minResTime" : 278.0,
    "maxResTime" : 724.0,
    "pct1ResTime" : 314.0,
    "pct2ResTime" : 321.0,
    "pct3ResTime" : 664.1099999999999,
    "throughput" : 2.6846111729278155,
    "receivedKBytesPerSec" : 66.0837475604479,
    "sentKBytesPerSec" : 2.506853651159505
  },
  "Total" : {
    "transaction" : "Total",
    "sampleCount" : 2310,
    "errorCount" : 7,
    "errorPct" : 0.3030303,
    "meanResTime" : 379.35064935065,
    "medianResTime" : 303.0,
    "minResTime" : 268.0,
    "maxResTime" : 3245.0,
    "pct1ResTime" : 608.9000000000001,
    "pct2ResTime" : 642.4499999999998,
    "pct3ResTime" : 913.119999999999,
    "throughput" : 38.30972834919898,
    "receivedKBytesPerSec" : 765.345204753889,
    "sentKBytesPerSec" : 29.937459705338483
  },
  "add item to cart-1" : {
    "transaction" : "add item to cart-1",
    "sampleCount" : 155,
    "errorCount" : 0,
    "errorPct" : 0.0,
    "meanResTime" : 306.18709677419326,
    "medianResTime" : 292.0,
    "minResTime" : 276.0,
    "maxResTime" : 930.0,
    "pct1ResTime" : 311.4,
    "pct2ResTime" : 320.59999999999997,
    "pct3ResTime" : 749.1199999999992,
    "throughput" : 2.694949143701643,
    "receivedKBytesPerSec" : 64.31078781078848,
    "sentKBytesPerSec" : 1.5453679203251325
  },
  "signon-1" : {
    "transaction" : "signon-1",
    "sampleCount" : 158,
    "errorCount" : 0,
    "errorPct" : 0.0,
    "meanResTime" : 307.39873417721503,
    "medianResTime" : 291.0,
    "minResTime" : 276.0,
    "maxResTime" : 1053.0,
    "pct1ResTime" : 311.1,
    "pct2ResTime" : 319.0,
    "pct3ResTime" : 911.9899999999992,
    "throughput" : 2.69679797910835,
    "receivedKBytesPerSec" : 62.684918146634125,
    "sentKBytesPerSec" : 1.7518719170307913
  },
  "add item to cart" : {
    "transaction" : "add item to cart",
    "sampleCount" : 155,
    "errorCount" : 0,
    "errorPct" : 0.0,
    "meanResTime" : 608.374193548387,
    "medianResTime" : 580.0,
    "minResTime" : 545.0,
    "maxResTime" : 1234.0,
    "pct1ResTime" : 625.0,
    "pct2ResTime" : 875.2,
    "pct3ResTime" : 1170.1599999999999,
    "throughput" : 2.6821713474882762,
    "receivedKBytesPerSec" : 65.61670608809635,
    "sentKBytesPerSec" : 3.1232290098461646
  },
  "get new order form" : {
    "transaction" : "get new order form",
    "sampleCount" : 152,
    "errorCount" : 0,
    "errorPct" : 0.0,
    "meanResTime" : 303.4736842105263,
    "medianResTime" : 293.0,
    "minResTime" : 276.0,
    "maxResTime" : 790.0,
    "pct1ResTime" : 316.0,
    "pct2ResTime" : 322.0,
    "pct3ResTime" : 670.7499999999998,
    "throughput" : 2.6848956953349936,
    "receivedKBytesPerSec" : 69.47195211347217,
    "sentKBytesPerSec" : 1.5422349438291558
  },
  "submit new order" : {
    "transaction" : "submit new order",
    "sampleCount" : 151,
    "errorCount" : 7,
    "errorPct" : 4.6357617,
    "meanResTime" : 631.1721854304639,
    "medianResTime" : 636.0,
    "minResTime" : 292.0,
    "maxResTime" : 920.0,