{
  "get fish category" : {
    "transaction" : "get fish category",
    "sampleCount" : 152,
    "errorCount" : 0,
    "errorPct" : 0.0,
    "meanResTime" : 316.9276315789473,
    "medianResTime" : 298.0,
    "minResTime" : 278.0,
    "maxResTime" : 848.0,
    "pct1ResTime" : 330.70000000000005,
    "pct2ResTime" : 366.2499999999999,
    "pct3ResTime" : 820.4399999999999,
    "throughput" : 2.6416865082813397,
    "receivedKBytesPerSec" : 58.61238545812405,
    "sentKBytesPerSec" : 1.4760878219555431
  },
  "signon-0" : {
    "transaction" : "signon-0",
    "sampleCount" : 156,
    "errorCount" : 0,
    "errorPct" : 0.0,
    "meanResTime" : 309.44871794871796,
    "medianResTime" : 290.0,
    "minResTime" : 274.0,
    "maxResTime" : 831.0,
    "pct1ResTime" : 310.3,
    "pct2ResTime" : 373.7000000000011,
    "pct3ResTime" : 812.7600000000002,
    "throughput" : 2.662388640475134,
    "receivedKBytesPerSec" : 1.453127133324231,
    "sentKBytesPerSec" : 1.9374417335819367
  },
  "get fish product" : {
    "transaction" : "get fish product",
    "sampleCount" : 152,
    "errorCount" : 0,
    "errorPct" : 0.0,
    "meanResTime" : 311.0197368421054,
    "medianResTime" : 306.0,
    "minResTime" : 281.0,
    "maxResTime" : 544.0,
    "pct1ResTime" : 337.80000000000007,
    "pct2ResTime" : 348.35,
    "pct3ResTime" : 467.14999999999986,
    "throughput" : 2.6416865082813397,
    "receivedKBytesPerSec" : 59.53125950442308,
    "sentKBytesPerSec" : 1.3703171707450599
  },
  "view order with id" : {
    "transaction" : "view order with id",
    "sampleCount" : 146,
    "errorCount" : 0,
    "errorPct" : 0.0,
    "meanResTime" : 336.2465753424657,
    "medianResTime" : 326.0,
    "minResTime" : 281.0,
    "maxResTime" : 802.0,
    "pct1ResTime" : 372.6,
    "pct2ResTime" : 404.0,
    "pct3ResTime" : 792.13,
    "throughput" : 2.6700316380461224,
    "receivedKBytesPerSec" : 71.02751355589693,
    "sentKBytesPerSec" : 1.6040299361295516
  },
  "get signon page" : {
    "transaction" : "get signon page",
    "sampleCount" : 156,
    "errorCount" : 0,
    "errorPct" : 0.0,
    "meanResTime" : 341.6794871794871,
    "medianResTime" : 299.0,
    "minResTime" : 279.0,
    "maxResTime" : 1580.0,
    "pct1ResTime" : 340.6,
    "pct2ResTime" : 849.3,
    "pct3ResTime" : 1367.9600000000025,
    "throughput" : 2.613634459765108,
    "receivedKBytesPerSec" : 58.85239091008093,
    "sentKBytesPerSec" : 1.4590272745740278
  },
  "signon" : {
    "transaction" : "signon",
    "sampleCount" : 156,
    "errorCount" : 0,
    "errorPct" : 0.0,
    "meanResTime" : 620.1538461538463,
    "medianResTime" : 591.0,
    "minResTime" : 555.0,
    "maxResTime" : 1580.0,
    "pct1ResTime" : 637.9000000000001,
    "pct2ResTime" : 855.1500000000001,
    "pct3ResTime" : 1332.050000000003,
    "throughput" : 2.6495465199225516,
    "receivedKBytesPerSec" : 63.02996237983627,
    "sentKBytesPerSec" : 3.6491970154387037
  },
  "submit new order-1" : {
    "transaction" : "submit new order-1",
    "sampleCount" : 144,
    "errorCount" : 0,
    "errorPct" : 0.0,
    "meanResTime" : 346.0625,
    "medianResTime" : 335.0,
    "minResTime" : 307.0,
    "maxResTime" : 672.0,
    "pct1ResTime" : 383.0,
    "pct2ResTime" : 395.75,
    "pct3ResTime" : 636.0000000000009,
    "throughput" : 2.570739980362403,
    "receivedKBytesPerSec" : 68.38744365348568,
    "sentKBytesPerSec" : 1.6824978521378202
  },
  "submit new order-0" : {
    "transaction" : "submit new order-0",
    "sampleCount" : 144,
    "errorCount" : 0,
    "errorPct" : 0.0,
    "meanResTime" : 323.4722222222222,
    "medianResTime" : 315.0,
    "minResTime" : 294.0,
    "maxResTime" : 763.0,
    "pct1ResTime" : 333.0,
    "pct2ResTime" : 340.0,
    "pct3ResTime" : 751.7500000000002,
    "throughput" : 2.5700976280140644,
    "receivedKBytesPerSec" : 1.5142827821306821,
    "sentKBytesPerSec" : 1.805060632663442
  },
  "create order" : {
    "transaction" : "create order",
    "sampleCount" : 156,
    "errorCount" : 5,
    "errorPct" : 3.2051282,
    "meanResTime" : 3718.448717948718,
    "medianResTime" : 3681.5,
    "minResTime" : 866.0,
    "maxResTime" : 5706.0,
    "pct1ResTime" : 4260.900000000001,
    "pct2ResTime" : 4593.400000000001,
    "pct3ResTime" : 5574.9000000000015,
    "throughput" : 2.57485227610339,
    "receivedKBytesPerSec" : 547.0342519311392,
    "sentKBytesPerSec" : 19.078284638777937
  },
  "add item to cart-0" : {
    "transaction" : "add item to cart-0",
    "sampleCount" : 151,
    "errorCount" : 0,
    "errorPct" : 0.0,
    "meanResTime" : 299.27814569536395,
    "medianResTime" : 293.0,
    "minResTime" : 271.0,
    "maxResTime" : 718.0,
    "pct1ResTime" : 313.0,
    "pct2ResTime" : 321.8,
    "pct3ResTime" : 617.1199999999981,
    "throughput" : 2.681726961123839,
    "receivedKBytesPerSec" : 1.6107115622835526,
    "sentKBytesPerSec" : 1.5848696931553803
  },
  "create new order" : {
    "transaction" : "create new order",
    "sampleCount" : 151,
    "errorCount" : 0,
    "errorPct" : 0.0,
    "meanResTime" : 316.11920529801324,
    "medianResTime" : 300.0,
    "minResTime" : 281.0,
    "maxResTime" : 855.0,
    "pct1ResTime" : 342.8,
    "pct2ResTime" : 376.6,
    "pct3ResTime" : 838.8799999999997,
    "throughput" : 2.679728122948056,
    "receivedKBytesPerSec" : 65.96591388045928,
    "sentKBytesPerSec" : 2.5022280231237466
  },
  "Total" : {
    "transaction" : "Total",
    "sampleCount" : 2276,
    "errorCount" : 5,
    "errorPct" : 0.21968366,
    "meanResTime" : 389.5307557117749,
    "medianResTime" : 311.0,
    "minResTime" : 271.0,
    "maxResTime" : 3457.0,
    "pct1ResTime" : 621.3000000000002,
    "pct2ResTime" : 668.3000000000002,
    "pct3ResTime" : 957.0700000000002,
    "throughput" : 37.660919350034746,
    "receivedKBytesPerSec" : 755.3907756033442,
    "sentKBytesPerSec" : 29.540183428409506
  },
  "add item to cart-1" : {
    "transaction" : "add item to cart-1",
    "sampleCount" : 151,
    "errorCount" : 0,
    "errorPct" : 0.0,
    "meanResTime" : 311.0397350993377,
    "medianResTime" : 298.0,
    "minResTime" : 278.0,
    "maxResTime" : 764.0,
    "pct1ResTime" : 339.0,
    "pct2ResTime" : 360.20000000000005,
    "pct3ResTime" : 752.5599999999997,
    "throughput" : 2.6808699511762097,
    "receivedKBytesPerSec" : 63.9730532900577,
    "sentKBytesPerSec" : 1.537238543053706
  },
  "signon-1" : {
    "transaction" : "signon-1",
    "sampleCount" : 156,
    "errorCount" : 0,
    "errorPct" : 0.0,
    "meanResTime" : 310.54487179487177,
    "medianResTime" : 297.0,
    "minResTime" : 278.0,
    "maxResTime" : 791.0,
    "pct1ResTime" : 332.0,
    "pct2ResTime" : 353.45000000000005,
    "pct3ResTime" : 785.3000000000001,
    "throughput" : 2.6650266502665025,
    "receivedKBytesPerSec" : 61.94365166307913,
    "sentKBytesPerSec" : 1.7311562275779007
  },
  "add item to cart" : {
    "transaction" : "add item to cart",
    "sampleCount" : 151,
    "errorCount" : 0,
    "errorPct" : 0.0,
    "meanResTime" : 610.4370860927153,
    "medianResTime" : 599.0,
    "minResTime" : 551.0,
    "maxResTime" : 1057.0,
    "pct1ResTime" : 633.6,
    "pct2ResTime" : 694.2,
    "pct3ResTime" : 1050.7599999999998,
    "throughput" : 2.6670905751024443,
    "receivedKBytesPerSec" : 65.24615943372898,
    "sentKBytesPerSec" : 3.1055570642574537
  },
  "get new order form" : {
    "transaction" : "get new order form",
    "sampleCount" : 151,
    "errorCount" : 0,
    "errorPct" : 0.0,
    "meanResTime" : 314.35099337748335,
    "medianResTime" : 300.0,
    "minResTime" : 279.0,
    "maxResTime" : 847.0,
    "pct1ResTime" : 345.40000000000003,
    "pct2ResTime" : 372.40000000000003,
    "pct3ResTime" : 831.3999999999996,
    "throughput" : 2.6804892336641046,
    "receivedKBytesPerSec" : 69.356393427254,
    "sentKBytesPerSec" : 1.5396379009639112
  },
  "submit new order" : {
    "transaction" : "submit new order",
    "sampleCount" : 149,
    "errorCount" : 5,
    "errorPct" : 3.3557048,