{
  "get fish category" : {
    "transaction" : "get fish category",
    "sampleCount" : 154,
    "errorCount" : 0,
    "errorPct" : 0.0,
    "meanResTime" : 315.0519480519482,
    "medianResTime" : 300.0,
    "minResTime" : 276.0,
    "maxResTime" : 1004.0,
    "pct1ResTime" : 344.0,
    "pct2ResTime" : 369.25,
    "pct3ResTime" : 911.5999999999981,
    "throughput" : 2.656409017991134,
    "receivedKBytesPerSec" : 58.93983311735636,
    "sentKBytesPerSec" : 1.4846115055715592
  },
  "signon-0" : {
    "transaction" : "signon-0",
    "sampleCount" : 156,
    "errorCount" : 0,
    "errorPct" : 0.0,
    "meanResTime" : 310.4871794871797,
    "medianResTime" : 290.0,
    "minResTime" : 272.0,
    "maxResTime" : 867.0,
    "pct1ResTime" : 308.0,
    "pct2ResTime" : 374.75000000000125,
    "pct3ResTime" : 842.4900000000002,
    "throughput" : 2.6708212775428444,
    "receivedKBytesPerSec" : 1.4599700495642796,
    "sentKBytesPerSec" : 1.9438791806485303
  },
  "get fish product" : {
    "transaction" : "get fish product",
    "sampleCount" : 153,
    "errorCount" : 0,
    "errorPct" : 0.0,
    "meanResTime" : 312.4379084967321,
    "medianResTime" : 304.0,
    "minResTime" : 278.0,
    "maxResTime" : 740.0,
    "pct1ResTime" : 337.0,
    "pct2ResTime" : 351.39999999999986,
    "pct3ResTime" : 566.1200000000026,
    "throughput" : 2.674077181208054,
    "receivedKBytesPerSec" : 60.26028626717177,
    "sentKBytesPerSec" : 1.3874062489076482
  },
  "view order with id" : {
    "transaction" : "view order with id",
    "sampleCount" : 147,
    "errorCount" : 0,
    "errorPct" : 0.0,
    "meanResTime" : 324.0680272108842,
    "medianResTime" : 315.0,
    "minResTime" : 278.0,
    "maxResTime" : 598.0,
    "pct1ResTime" : 351.20000000000005,
    "pct2ResTime" : 387.9999999999999,
    "pct3ResTime" : 582.1600000000003,
    "throughput" : 2.6781810231744645,
    "receivedKBytesPerSec" : 71.24417350445452,
    "sentKBytesPerSec" : 1.6092429128406938
  },
  "get signon page" : {
    "transaction" : "get signon page",
    "sampleCount" : 157,
    "errorCount" : 0,
    "errorPct" : 0.0,
    "meanResTime" : 332.3375796178343,
    "medianResTime" : 298.0,
    "minResTime" : 276.0,
    "maxResTime" : 1550.0,
    "pct1ResTime" : 345.40000000000003,
    "pct2ResTime" : 491.39999999999833,
    "pct3ResTime" : 1335.9799999999955,
    "throughput" : 2.6148798321147217,
    "receivedKBytesPerSec" : 58.884095217226566,
    "sentKBytesPerSec" : 1.4600699938375443
  },
  "signon" : {
    "transaction" : "signon",
    "sampleCount" : 156,
    "errorCount" : 0,
    "errorPct" : 0.0,
    "meanResTime" : 634.2499999999999,
    "medianResTime" : 590.5,
    "minResTime" : 550.0,
    "maxResTime" : 2027.0,
    "pct1ResTime" : 662.3,
    "pct2ResTime" : 1083.3,
    "pct3ResTime" : 1819.5200000000025,
    "throughput" : 2.658124318429662,
    "receivedKBytesPerSec" : 63.23954375255589,
    "sentKBytesPerSec" : 3.6616101779750543
  },
  "submit new order-1" : {
    "transaction" : "submit new order-1",
    "sampleCount" : 146,
    "errorCount" : 0,
    "errorPct" : 0.0,
    "meanResTime" : 343.041095890411,
    "medianResTime" : 332.0,
    "minResTime" : 306.0,
    "maxResTime" : 832.0,
    "pct1ResTime" : 385.1000000000001,
    "pct2ResTime" : 405.90000000000003,
    "pct3ResTime" : 722.4900000000002,
    "throughput" : 2.606584303363565,
    "receivedKBytesPerSec" : 69.34113309424767,
    "sentKBytesPerSec" : 1.7061424895558095
  },
  "submit new order-0" : {
    "transaction" : "submit new order-0",
    "sampleCount" : 146,
    "errorCount" : 0,
    "errorPct" : 0.0,
    "meanResTime" : 319.1643835616438,
    "medianResTime" : 313.5,
    "minResTime" : 292.0,
    "maxResTime" : 585.0,
    "pct1ResTime" : 329.6,
    "pct2ResTime" : 345.55000000000007,
    "pct3ResTime" : 579.83,
    "throughput" : 2.606444702311881,
    "receivedKBytesPerSec" : 1.5364188163884673,
    "sentKBytesPerSec" : 1.8307735651164867
  },
  "create order" : {
    "transaction" : "create order",
    "sampleCount" : 157,
    "errorCount" : 5,
    "errorPct" : 3.1847134,
    "meanResTime" : 3693.1019108280243,
    "medianResTime" : 3666.0,
    "minResTime" : 280.0,
    "maxResTime" : 5489.0,
    "pct1ResTime" : 4234.400000000001,
    "pct2ResTime" : 4549.899999999998,
    "pct3ResTime" : 5356.179999999998,
    "throughput" : 2.5896907216494847,
    "receivedKBytesPerSec" : 550.7385148195876,
    "sentKBytesPerSec" : 19.20805412371134
  },
  "add item to cart-0" : {
    "transaction" : "add item to cart-0",
    "sampleCount" : 153,
    "errorCount" : 0,
    "errorPct" : 0.0,
    "meanResTime" : 306.516339869281,
    "medianResTime" : 291.0,
    "minResTime" : 270.0,
    "maxResTime" : 808.0,
    "pct1ResTime" : 314.6,
    "pct2ResTime" : 352.79999999999853,
    "pct3ResTime" : 795.0400000000002,
    "throughput" : 2.674357629785003,
    "receivedKBytesPerSec" : 1.6077520046757559,
    "sentKBytesPerSec" : 1.5808158811833595
  },
  "create new order" : {
    "transaction" : "create new order",
    "sampleCount" : 151,
    "errorCount" : 0,
    "errorPct" : 0.0,
    "meanResTime" : 305.13907284768214,
    "medianResTime" : 298.0,
    "minResTime" : 279.0,
    "maxResTime" : 579.0,
    "pct1ResTime" : 326.40000000000003,
    "pct2ResTime" : 359.8,
    "pct3ResTime" : 552.9999999999995,
    "throughput" : 2.6962359831440614,
    "receivedKBytesPerSec" : 66.37005001874866,
    "sentKBytesPerSec" : 2.5179214319512893
  },
  "Total" : {
    "transaction" : "Total",
    "sampleCount" : 2294,
    "errorCount" : 5,
    "errorPct" : 0.2179599,
    "meanResTime" : 388.6190061028763,
    "medianResTime" : 308.0,
    "minResTime" : 270.0,
    "maxResTime" : 3898.0,
    "pct1ResTime" : 616.0,
    "pct2ResTime" : 662.0,
    "pct3ResTime" : 1088.0,
    "throughput" : 37.90983606557377,
    "receivedKBytesPerSec" : 760.6187292912975,
    "sentKBytesPerSec" : 29.741824839494644
  },
  "add item to cart-1" : {
    "transaction" : "add item to cart-1",
    "sampleCount" : 153,
    "errorCount" : 0,
    "errorPct" : 0.0,
    "meanResTime" : 307.59477124183013,
    "medianResTime" : 297.0,
    "minResTime" : 277.0,
    "maxResTime" : 795.0,
    "pct1ResTime" : 321.4,
    "pct2ResTime" : 355.29999999999995,
    "pct3ResTime" : 766.3800000000005,
    "throughput" : 2.677352745598992,
    "receivedKBytesPerSec" : 63.89040448478458,
    "sentKBytesPerSec" : 1.5355234563661497
  },
  "signon-1" : {
    "transaction" : "signon-1",
    "sampleCount" : 156,
    "errorCount" : 0,
    "errorPct" : 0.0,
    "meanResTime" : 323.4807692307693,
    "medianResTime" : 298.0,
    "minResTime" : 277.0,
    "maxResTime" : 1460.0,
    "pct1ResTime" : 343.20000000000016,
    "pct2ResTime" : 378.30000000000024,
    "pct3ResTime" : 1400.7200000000007,
    "throughput" : 2.6726515787489933,
    "receivedKBytesPerSec" : 62.124191833421854,
    "sentKBytesPerSec" : 1.736410407279549
  },
  "add item to cart" : {
    "transaction" : "add item to cart",
    "sampleCount" : 153,
    "errorCount" : 0,
    "errorPct" : 0.0,
    "meanResTime" : 614.3921568627449,
    "medianResTime" : 590.0,
    "minResTime" : 549.0,
    "maxResTime" : 1122.0,
    "pct1ResTime" : 651.0,
    "pct2ResTime" : 881.4999999999998,
    "pct3ResTime" : 1107.4200000000003,
    "throughput" : 2.6578650221488753,
    "receivedKBytesPerSec" : 65.02320067532355,
    "sentKBytesPerSec" : 3.0954138799617823
  },
  "get new order form" : {
    "transaction" : "get new order form",
    "sampleCount" : 152,
    "errorCount" : 0,
    "errorPct" : 0.0,
    "meanResTime" : 304.8289473684212,
    "medianResTime" : 302.5,
    "minResTime" : 278.0,
    "maxResTime" : 735.0,
    "pct1ResTime" : 318.70000000000005,
    "pct2ResTime" : 361.0,
    "pct3ResTime" : 553.7399999999996,
    "throughput" : 2.6858445390772707,
    "receivedKBytesPerSec" : 69.4963309839556,
    "sentKBytesPerSec" : 1.543004297130387
  },
  "submit new order" : {
    "transaction" : "submit new order",
    "sampleCount" : 151,